Drug,Gene,Change,Our study N,Global N,Sensitive,DR,Pre-MDR,MDR,Pre-XDR,XDR,Other DR,known_novel,known_novel_num
aminoglycosides,rrs,r.1401a>g,74,1276,0,NA,0.008,0,0.302,0.654,0.008,known,1
aminoglycosides,rrs,r.1484g>t,1,27,0,NA,0.001,0,0.001,0.01,0.006,known,1
aminoglycosides,rrs,r.514a>c,47,NA,NA,NA,NA,NA,NA,NA,NA,known,1
aminoglycosides,rrs,r.514a>t,3,NA,NA,NA,NA,NA,NA,NA,NA,known,1
aminoglycosides,rrs,r.906a>g,9,NA,NA,NA,NA,NA,NA,NA,NA,known,1
aminoglycosides,rrs,r.905c>g,2,NA,NA,NA,NA,NA,NA,NA,NA,known,1
aminoglycosides,rrs,r.517c>t,8,NA,NA,NA,NA,NA,NA,NA,NA,known,1
bedaquiline; clofazimine,mmpR5,c.192_193insG,1,NA,NA,NA,NA,NA,NA,NA,NA,known,1
capreomycin,tlyA,c.198_198del,1,0,0,NA,0,0,0,0,0,known,1
capreomycin,tlyA,p.Asn236Lys,2,37,0,0,0,0,0.004,0,0.014,known,1
cycloserine,alr,p.Met343Thr,1,39,0,0.13,0,0.001,0,0.037,0,known,1
cycloserine,alr,p.Leu113Arg,1,135,0,0.78,0,0.002,0.021,0.089,0,known,1
ethambutol,embA,c.-12C>T,20,250,0,0.69,0.01,0.024,0.037,0.049,0.002,known,1
ethambutol,embA,c.-16C>G,2,122,0,0.9,0.001,0.019,0.011,0.021,0,known,1
ethambutol,embA,c.-11C>A,5,69,0,0.77,0.002,0.005,0.004,0.037,0,known,1
ethambutol,embB,p.Gly406Ala,14,485,0,0.89,0.004,0.036,0.131,0.066,0.001,known,1
ethambutol,embB,p.Gly406Ser,8,96,0,0.7,0.004,0.012,0.013,0.007,0.001,known,1
ethambutol,embB,p.Met306Ile,132,1560,0,0.67,0.042,0.195,0.197,0.262,0.005,known,1
ethambutol,embB,p.Gly406Asp,23,238,0,0.57,0.007,0.033,0.032,0.021,0.001,known,1
ethambutol,embB,p.Gly406Cys,6,29,0,0.73,0.002,0.003,0.004,0.001,0.001,known,1
ethambutol,embB,p.Gln497Arg,21,442,0,0.79,0.007,0.054,0.059,0.083,0.003,known,1
ethambutol,embB,p.Gln497Lys,10,85,0,0.7,0.003,0.011,0.011,0.007,0.001,known,1
ethambutol,embB,p.Gln497Pro,9,43,0,0.77,0.002,0.004,0.006,0.006,0.001,known,1
ethambutol,embB,p.Gln853Pro,2,10,0,0.43,0,0.001,0,0,0.002,known,1
ethambutol,embB,p.Glu405Asp,1,43,0,0.89,0,0.006,0.006,0.004,0,known,1
ethambutol,embB,p.Glu504Asp,2,19,0,0.54,0.003,0.001,0.001,0.002,0,known,1
ethambutol,embB,p.Ala313Val,1,7,0,0,0,0,0,0,0.003,known,1
ethambutol,embB,p.Met306Leu,21,89,0,0.7,0.003,0.01,0.012,0.008,0.002,known,1
ethambutol,embB,p.Met306Val,127,1831,0,0.79,0.022,0.213,0.283,0.353,0.004,known,1
ethambutol,embA,c.-16C>T,13,171,0,0.66,0.003,0.02,0.02,0.045,0,known,1
ethambutol,embB,p.Tyr319Cys,1,21,0,0.58,0.001,0.001,0.003,0.007,0,known,1
ethambutol,embB,p.Tyr319Ser,1,69,0,0.82,0,0.011,0.008,0.007,0,known,1
ethambutol,embB,p.Tyr334His,2,37,0,0.65,0,0.002,0.005,0.017,0,known,1
ethambutol,embB,p.Ser347Ile,1,2,0,1,0,0,0,0.001,0,known,1
ethambutol,embB,p.Asp354Ala,7,409,0,0.59,0.005,0.029,0.106,0.064,0.001,known,1
ethambutol,embB,p.Asp1024Asn,29,125,0,0.8,0.002,0.018,0.018,0.013,0,known,1
ethambutol,embB,p.Asp328Tyr,3,43,0,0.89,0.003,0.005,0.006,0.001,0,known,1
ethionamide,ethA,c.1200_1201del,1,0,0,NA,0,0,0,0,0,known,1
ethionamide,ethA,c.1054_1054del,1,22,0,0.33,0.002,0.002,0.002,0.005,0,known,1
ethionamide,ethA,c.599_599del,1,0,0,NA,0,0,0,0,0,known,1
ethionamide,ethA,c.1261_1262insCGAGC,1,0,0,NA,0,0,0,0,0,known,1
ethionamide,ethA,c.1018_1018del,1,0,0,NA,0,0,0,0,0,known,1
ethionamide,ethA,c.1047_1047del,1,19,0,0.25,0.001,0.002,0.001,0.004,0,known,1
ethionamide,ethA,c.1300_1301insGT,1,0,0,NA,0,0,0,0,0,known,1
ethionamide,ethA,c.61_61del,1,0,0,NA,0,0,0,0,0,known,1
ethionamide,ethA,c.671_671del,1,0,0,NA,0,0,0,0,0,known,1
ethionamide,ethA,c.1290_1291insC,1,1,0,NA,0,0,0,0,0,known,1
ethionamide,ethA,Chromosome:g.4326936_4328449del,5,0,0,NA,0,0,0,0,0,known,1
ethionamide,ethA,Chromosome:g.4326943_4328449del,1,0,0,NA,0,0,0,0,0,known,1
ethionamide,ethA,Chromosome:g.4326944_4328449del,1,0,0,NA,0,0,0,0,0,known,1
ethionamide,ethA,Chromosome:g.4327038_4327099del,1,0,0,NA,0,0,0,0,0,known,1
ethionamide,ethA,p.Gln269*,4,8,0,0,0,0.001,0.001,0.001,0,known,1
ethionamide,ethA,p.Gln347*,6,2,0,1,0,0,0,0.002,0,known,1
ethionamide,ethA,p.Leu272Pro,1,0,0,NA,0,0,0,0,0,known,1
ethionamide,ethA,p.Leu397Arg,2,1,0,NA,0,0,0,0,0,known,1
ethionamide,ethA,p.Thr61Met,1,6,0,NA,0,0,0.001,0.001,0,known,1
ethionamide,ethA,c.672_673insG,2,10,0,0.5,0,0.001,0.002,0.002,0,known,1
ethionamide,ethA,c.673_674insGC,1,11,0,0.6,0,0,0.003,0.003,0,known,1
ethionamide,ethA,c.140_140del,3,17,0,0,0.001,0.002,0.002,0.003,0.001,known,1
ethionamide,ethA,c.150_150del,1,0,0,NA,0,0,0,0,0,known,1
ethionamide,ethA,c.299_299del,3,2,0,NA,0,0,0,0,0,known,1
ethionamide,ethA,c.313_319del,1,0,0,NA,0,0,0,0,0,known,1
ethionamide,ethA,c.382_383insG,4,1,0,NA,0,0,0,0.001,0,known,1
ethionamide,ethA,c.392_392del,2,0,0,NA,0,0,0,0,0,known,1
ethionamide,ethA,c.404_405insAT,1,0,0,NA,0,0,0,0,0,known,1
ethionamide,ethA,c.703_703del,1,18,0,0.71,0,0,0.005,0.006,0,known,1
ethionamide,ethA,c.755_756insGC,2,20,0,NA,0.002,0.002,0.002,0.003,0,known,1
ethionamide,ethA,c.825_825del,1,4,0,0,0,0,0,0.002,0,known,1
ethionamide,ethA,c.352_365del,2,NA,NA,NA,NA,NA,NA,NA,NA,known,1
fluoroquinolones,gyrB,p.Arg446Cys,1,16,0,NA,0,0,0.003,0.009,0.001,known,1
fluoroquinolones,gyrA,p.Asp89Asn,4,15,0,NA,0,0,0.004,0.001,0.003,known,1
fluoroquinolones,gyrB,p.Glu501Asp,4,37,0,NA,0.001,0,0.009,0.009,0.003,known,1
fluoroquinolones,gyrB,p.Ile486Leu,1,2,0,NA,0,0,0,0.002,0,known,1
fluoroquinolones,gyrA,p.Ala90Val,68,614,0,NA,0.007,0,0.125,0.319,0.019,known,1
fluoroquinolones,gyrA,p.Asp94His,4,49,0,NA,0,0,0.012,0.023,0.001,known,1
fluoroquinolones,gyrA,p.Asp94Tyr,18,85,0,NA,0.003,0,0.017,0.031,0.006,known,1
fluoroquinolones,gyrA,p.Gly88Ala,1,17,0,NA,0,0,0.005,0.005,0,known,1
fluoroquinolones,gyrA,p.Gly88Cys,3,23,0,NA,0,0,0.003,0.016,0.001,known,1
fluoroquinolones,gyrA,p.Ser91Pro,22,156,0,NA,0.002,0,0.023,0.088,0.01,known,1
fluoroquinolones,gyrB,p.Thr500Asn,3,15,0,NA,0,0,0.002,0.009,0.001,known,1
fluoroquinolones,gyrA,p.Asp94Ala,20,271,0,NA,0.004,0,0.064,0.13,0.004,known,1
fluoroquinolones,gyrA,p.Asp94Asn,25,135,0,NA,0.001,0,0.034,0.054,0.006,known,1
fluoroquinolones,gyrB,p.Ser447Phe,5,15,0,NA,0,0,0.002,0.01,0.001,known,1
fluoroquinolones,gyrA,p.Asp94Gly,128,671,0,NA,0.016,0,0.124,0.348,0.022,known,1
isoniazid,katG,c.22_23insA,1,4,0,1,0,0,0.001,0,0,known,1
isoniazid,katG,c.238_260del,1,0,0,NA,0,0,0,0,0,known,1
isoniazid,katG,c.337_337del,1,0,0,NA,0,0,0,0,0,known,1
isoniazid,katG,c.679_680insGC,1,0,0,NA,0,0,0,0,0,known,1
isoniazid,katG,c.87_87del,1,0,0,NA,0,0,0,0,0,known,1
isoniazid,katG,c.974_974del,1,1,0,NA,0,0,0,0,0,known,1
isoniazid,katG,Chromosome:g.2148451_2164815del,1,0,0,NA,0,0,0,0,0,known,1
isoniazid,katG,Chromosome:g.2149885_2172950del,1,0,0,NA,0,0,0,0,0,known,1
isoniazid,katG,Chromosome:g.2151318_2157225del,1,0,0,NA,0,0,0,0,0,known,1
isoniazid,katG,Chromosome:g.2152294_2157889del,1,0,0,NA,0,0,0,0,0,known,1
isoniazid,katG,p.Ala172Val,1,1,0,1,0,0,0,0,0,known,1
isoniazid,katG,p.Arg104Gln,1,3,0,1,0,0,0.001,0,0,known,1
isoniazid,katG,p.Asp259Glu,1,0,0,NA,0,0,0,0,0,known,1
isoniazid,katG,p.Gly297Val,1,5,0,0.8,0,0.001,0,0,0,known,1
isoniazid,katG,p.Ser140Asn,2,9,0,0.67,0.001,0.001,0,0,0,known,1
isoniazid,katG,p.Ser315Asn,8,170,0,0.98,0.017,0.022,0.011,0.01,0,known,1
isoniazid,katG,p.Ser315Ile,1,14,0,1,0.001,0.002,0,0,0,known,1
isoniazid,katG,p.Ser315Thr,365,6867,0,0.99,0.463,0.761,0.844,0.781,0.001,known,1
isoniazid,katG,p.Thr275Ala,2,6,0,1,0,0.001,0,0.001,0,known,1
isoniazid,katG,p.Thr380Ile,3,11,0,1,0.001,0.002,0,0,0,known,1
isoniazid,katG,p.Trp191Arg,2,25,0,0.86,0.003,0.002,0.002,0.003,0,known,1
isoniazid,katG,p.Trp328Ser,1,0,0,NA,0,0,0,0,0,known,1
isoniazid,katG,p.Tyr155Cys,1,7,0,1,0.001,0,0.002,0,0,known,1
isoniazid,katG,p.Tyr155Ser,2,5,0,1,0.001,0.001,0,0,0,known,1
isoniazid,katG,p.Tyr337Cys,1,12,0,0.89,0.001,0.002,0,0,0,known,1
isoniazid,katG,p.Tyr413His,1,2,0,NA,0.001,0,0,0,0,known,1
isoniazid,katG,p.Val1Ala,2,11,0,0.86,0.001,0.001,0.001,0.001,0,known,1
isoniazid,ahpC,c.-54C>T,4,43,0,0.93,0.002,0.006,0.005,0.001,0,known,1
isoniazid,ahpC,c.-81C>T,2,70,0,0.86,0.003,0.013,0.004,0.001,0,known,1
isoniazid,katG,c.1176_1177insG,1,0,0,NA,0,0,0,0,0,known,1
isoniazid,katG,c.1196_1197insGA,1,0,0,NA,0,0,0,0,0,known,1
isoniazid,katG,c.1284_1284del,1,10,0,0.33,0.001,0.001,0.001,0,0,known,1
isoniazid,katG,c.1328_1328del,1,0,0,NA,0,0,0,0,0,known,1
isoniazid,katG,c.1486_1487insC,1,0,0,NA,0,0,0,0,0,known,1
isoniazid,katG,c.2005_2006insG,2,0,0,NA,0,0,0,0,0,known,1
isoniazid,katG,c.58_58del,1,0,0,NA,0,0,0,0,0,known,1
isoniazid,katG,c.58_59insCT,1,0,0,NA,0,0,0,0,0,known,1
isoniazid,katG,c.596_596del,1,0,0,NA,0,0,0,0,0,known,1
isoniazid,katG,c.371_371del,1,12,0,0.88,0.001,0.002,0,0,0,known,1
isoniazid,katG,c.60_61insGT,1,0,0,NA,0,0,0,0,0,known,1
isoniazid; ethionamide,fabG1,c.-8T>A,1,NA,NA,NA,NA,NA,NA,NA,NA,known,1
isoniazid; ethionamide,inhA,p.Ser94Ala,4,NA,NA,NA,NA,NA,NA,NA,NA,known,1
isoniazid; ethionamide,inhA,p.Ile21Val,1,NA,NA,NA,NA,NA,NA,NA,NA,known,1
isoniazid; ethionamide,inhA,p.Ile21Thr,1,NA,NA,NA,NA,NA,NA,NA,NA,known,1
isoniazid; ethionamide,fabG1,c.-17G>T,1,NA,NA,NA,NA,NA,NA,NA,NA,known,1
isoniazid; ethionamide,fabG1,c.-15C>T,52,NA,NA,NA,NA,NA,NA,NA,NA,known,1
isoniazid; ethionamide,inhA,p.Ile194Thr,4,NA,NA,NA,NA,NA,NA,NA,NA,known,1
isoniazid; ethionamide,fabG1,c.-8T>C,4,NA,NA,NA,NA,NA,NA,NA,NA,known,1
kanamycin,eis,c.-10G>A,1,259,0,0.75,0.002,0,0.057,0.144,0,known,1
kanamycin,eis,c.-14C>T,3,137,0,0.71,0.001,0,0.035,0.067,0,known,1
kanamycin,eis,c.-37G>T,1,264,0,0.69,0,0,0.103,0.059,0.001,known,1
para-aminosalicylic_acid,folC,p.Glu153Ala,1,13,0,1,0,0.001,0.002,0.002,0.001,known,1
para-aminosalicylic_acid,folC,p.Ile43Ser,5,20,0,1,0.001,0.001,0.001,0.008,0.001,known,1
para-aminosalicylic_acid,folC,p.Arg49Trp,1,12,0,0,0.001,0.001,0.002,0.001,0,known,1
para-aminosalicylic_acid,folC,p.Ile43Thr,1,63,0,0.73,0.002,0.002,0.01,0.026,0.001,known,1
para-aminosalicylic_acid,thyX,c.-16C>T,2,177,0,0.47,0.007,0.022,0.014,0.037,0.003,known,1
pyrazinamide,pncA,c.-11A>C,4,20,0,0.85,0,0.002,0.004,0.003,0,known,1
pyrazinamide,pncA,c.-11A>G,16,207,0,0.85,0.006,0.02,0.036,0.035,0.001,known,1
pyrazinamide,pncA,c.-12T>C,1,12,0,1,0,0.001,0.002,0.001,0.001,known,1
pyrazinamide,pncA,c.108_108del,1,0,0,NA,0,0,0,0,0,known,1
pyrazinamide,pncA,c.13_14insGA,1,0,0,NA,0,0,0,0,0,known,1
pyrazinamide,pncA,c.166_167insG,1,0,0,NA,0,0,0,0,0,known,1
pyrazinamide,pncA,c.194_203del,1,0,0,NA,0,0,0,0,0,known,1
pyrazinamide,pncA,c.206_207insC,1,0,0,NA,0,0,0,0,0,known,1
pyrazinamide,pncA,c.209_210insACC,1,0,0,NA,0,0,0,0,0,known,1
pyrazinamide,pncA,c.226_236del,1,0,0,NA,0,0,0,0,0,known,1
pyrazinamide,pncA,c.230_231insA,1,0,0,NA,0,0,0,0,0,known,1
pyrazinamide,pncA,c.283_283del,1,0,0,NA,0,0,0,0,0,known,1
pyrazinamide,pncA,c.314_315insG,2,4,0,1,0,0.001,0,0,0,known,1
pyrazinamide,pncA,c.346_347insC,2,0,0,NA,0,0,0,0,0,known,1
pyrazinamide,pncA,c.377_378insGA,1,0,0,NA,0,0,0,0,0,known,1
pyrazinamide,pncA,c.382_383insG,1,1,0,NA,0,0,0,0,0,known,1
pyrazinamide,pncA,c.391_392insG,9,18,0,1,0.001,0.002,0.003,0.003,0,known,1
pyrazinamide,pncA,c.391_392insGG,18,44,0,0.88,0,0.004,0.007,0.012,0,known,1
pyrazinamide,pncA,c.393_394insC,1,6,0,1,0,0,0.002,0.002,0,known,1
pyrazinamide,pncA,c.408_409insT,1,2,0,0,0,0,0,0,0,known,1
pyrazinamide,pncA,c.412_413insCATT,1,0,0,NA,0,0,0,0,0,known,1
pyrazinamide,pncA,c.417_418insG,3,4,0,1,0,0,0,0.002,0.001,known,1
pyrazinamide,pncA,c.424_425insGA,2,0,0,NA,0,0,0,0,0,known,1
pyrazinamide,pncA,c.429_429del,1,1,0,NA,0,0,0,0,0,known,1
pyrazinamide,pncA,c.430_431insG,1,0,0,NA,0,0,0,0,0,known,1
pyrazinamide,pncA,c.438_439insCG,1,2,0,0,0,0,0,0.002,0,known,1
pyrazinamide,pncA,c.455_456insATGGCTTGGC,2,0,0,NA,0,0,0,0,0,known,1
pyrazinamide,pncA,c.501_502insC,1,0,0,NA,0,0,0,0,0,known,1
pyrazinamide,pncA,c.53_53del,1,0,0,NA,0,0,0,0,0,known,1
pyrazinamide,pncA,c.61_62insG,1,0,0,NA,0,0,0,0,0,known,1
pyrazinamide,pncA,c.7_7del,1,2,0,1,0,0,0,0,0,known,1
pyrazinamide,pncA,Chromosome:g.2285437_2291074del,1,0,0,NA,0,0,0,0,0,known,1
pyrazinamide,pncA,Chromosome:g.2288627_2289103del,2,0,0,NA,0,0,0,0,0,known,1
pyrazinamide,pncA,Chromosome:g.2288776_2288836del,1,0,0,NA,0,0,0,0,0,known,1
pyrazinamide,pncA,Chromosome:g.2288825_2289242del,1,0,0,NA,0,0,0,0,0,known,1
pyrazinamide,pncA,Chromosome:g.2289006_2290299del,1,0,0,NA,0,0,0,0,0,known,1
pyrazinamide,pncA,p.Ala134Val,1,11,0,0.83,0,0.001,0.001,0.002,0.001,known,1
pyrazinamide,pncA,p.Ala143Asp,1,2,0,0,0,0,0,0,0,known,1
pyrazinamide,pncA,p.Ala146Val,2,39,0,0.92,0.001,0.004,0.007,0.005,0,known,1
pyrazinamide,pncA,p.Ala171Thr,4,3,0,0,0,0,0,0.001,0,known,1
pyrazinamide,pncA,p.Ala3Glu,2,6,0,1,0,0.001,0,0.001,0,known,1
pyrazinamide,pncA,p.Arg140Gly,4,0,0,NA,0,0,0,0,0,known,1
pyrazinamide,pncA,p.Asp12Ala,3,59,0,0.48,0.002,0.009,0.004,0.005,0.001,known,1
pyrazinamide,pncA,p.Asp136Tyr,1,9,0,1,0,0.001,0,0.003,0,known,1
pyrazinamide,pncA,p.Asp49Asn,1,16,0,1,0,0.003,0.002,0,0,known,1
pyrazinamide,pncA,p.Asp49Gly,1,33,0,0.9,0,0,0.006,0.02,0,known,1
pyrazinamide,pncA,p.Asp63Gly,1,11,0,0.4,0,0.002,0.001,0.001,0,known,1
pyrazinamide,pncA,p.Asp63His,4,8,0,NA,0,0,0.002,0.001,0,known,1
pyrazinamide,pncA,p.Cys14Arg,1,82,0,0.86,0,0.002,0.011,0.046,0.003,known,1
pyrazinamide,pncA,p.Cys72Tyr,1,5,0,1,0,0,0.001,0.001,0,known,1
pyrazinamide,pncA,p.Gln10*,1,11,0,1,0,0.002,0.001,0,0,known,1
pyrazinamide,pncA,p.Gln10Arg,5,53,0,0.94,0,0.01,0.004,0.005,0,known,1
pyrazinamide,pncA,p.Gln10Pro,5,309,0,0.98,0.002,0.015,0.113,0.018,0.001,known,1
pyrazinamide,pncA,p.Gln141Pro,4,58,0,0.95,0.001,0.009,0.008,0.001,0.001,known,1
pyrazinamide,pncA,p.Gly105Asp,1,4,0,1,0.001,0,0,0,0,known,1
pyrazinamide,pncA,p.Gly108Arg,1,5,0,0.5,0,0.001,0,0,0,known,1
pyrazinamide,pncA,p.Gly132Ser,3,6,0,1,0,0,0.002,0,0,known,1
pyrazinamide,pncA,p.Gly78Ser,4,6,0,0.5,0,0.001,0.001,0,0,known,1
pyrazinamide,pncA,p.Gly78Val,1,4,0,1,0,0,0,0.001,0,known,1
pyrazinamide,pncA,p.Gly97Ser,3,16,0,1,0,0.001,0.004,0.003,0,known,1
pyrazinamide,pncA,p.His51Gln,1,8,0,0.8,0,0.001,0.001,0,0.002,known,1
pyrazinamide,pncA,p.His57Pro,1,4,0,1,0,0,0.002,0,0,known,1
pyrazinamide,pncA,p.His57Tyr,4,10,0,1,0,0.001,0.001,0.002,0,known,1
pyrazinamide,pncA,p.His71Arg,3,17,0,0.29,0,0.002,0.004,0.001,0,known,1
pyrazinamide,pncA,p.His71Tyr,3,40,0,0.85,0,0.006,0.006,0.003,0,known,1
pyrazinamide,pncA,p.His82Arg,1,14,0,0.8,0,0.001,0.003,0,0,known,1
pyrazinamide,pncA,p.Ile133Thr,2,53,0,0.58,0,0.001,0.02,0.006,0,known,1
pyrazinamide,pncA,p.Ile31Ser,1,8,0,1,0,0.001,0,0.004,0,known,1
pyrazinamide,pncA,p.Ile5Thr,2,4,0,0.67,0,0,0,0.001,0,known,1
pyrazinamide,pncA,p.Ile6Met,1,1,0,NA,0,0,0,0,0,known,1
pyrazinamide,pncA,p.Ile6Thr,1,11,0,1,0,0,0.001,0.007,0,known,1
pyrazinamide,pncA,p.Leu156Pro,1,4,0,1,0,0,0,0.003,0,known,1
pyrazinamide,pncA,p.Leu159Arg,2,9,0,1,0,0.001,0.001,0,0,known,1
pyrazinamide,pncA,p.Leu19Arg,2,1,0,1,0,0,0,0,0,known,1
pyrazinamide,pncA,p.Leu27Pro,1,22,0,0.78,0,0.003,0.004,0,0,known,1
pyrazinamide,pncA,p.Leu35Pro,1,8,0,0.5,0,0,0.002,0.001,0,known,1
pyrazinamide,pncA,p.Leu4Ser,2,52,0,0.82,0,0.01,0.002,0.006,0.001,known,1
pyrazinamide,pncA,p.Leu4Trp,1,22,0,0.8,0,0.002,0.004,0.003,0,known,1
pyrazinamide,pncA,p.Leu85Pro,1,14,0,0.83,0.001,0.002,0.001,0.002,0,known,1
pyrazinamide,pncA,p.Lys96Arg,2,23,0,0.71,0,0.002,0.005,0.001,0.001,known,1
pyrazinamide,pncA,p.Lys96Glu,1,12,0,1,0.001,0.001,0.003,0,0,known,1
pyrazinamide,pncA,p.Lys96Thr,2,24,0,1,0,0.002,0.004,0.004,0.001,known,1
pyrazinamide,pncA,p.Met175Thr,2,11,0,1,0.001,0.001,0.001,0,0,known,1
pyrazinamide,pncA,p.Phe58Leu,1,24,0,0.62,0,0.004,0.002,0.001,0,known,1
pyrazinamide,pncA,p.Phe94Leu,1,10,0,0.67,0,0.001,0.002,0.001,0,known,1
pyrazinamide,pncA,p.Pro54Leu,24,19,0,0.56,0,0.002,0.003,0.004,0,known,1
pyrazinamide,pncA,p.Pro62Leu,2,20,0,0.89,0.001,0.003,0.001,0.003,0,known,1
pyrazinamide,pncA,p.Pro62Ser,2,7,0,0.2,0,0,0,0.005,0.001,known,1
pyrazinamide,pncA,p.Pro69Arg,3,4,0,NA,0,0,0,0.002,0,known,1
pyrazinamide,pncA,p.Ser104Arg,1,28,0,0.86,0.001,0.002,0.003,0.004,0.004,known,1
pyrazinamide,pncA,p.Ser164Pro,1,10,0,1,0,0.001,0.002,0.002,0.001,known,1
pyrazinamide,pncA,p.Ser67Pro,4,21,0,0.89,0.001,0.003,0.002,0.001,0,known,1
pyrazinamide,pncA,p.Thr100Ile,1,8,0,1,0,0,0.001,0.006,0,known,1
pyrazinamide,pncA,p.Thr135Pro,4,60,0,0.96,0,0.008,0.004,0.019,0,known,1
pyrazinamide,pncA,p.Thr142Ala,1,16,0,0.75,0,0.003,0.001,0.001,0,known,1
pyrazinamide,pncA,p.Thr142Met,1,7,0,0.5,0,0.001,0,0.001,0.001,known,1
pyrazinamide,pncA,p.Thr160Pro,3,16,0,1,0,0.002,0.002,0.003,0,known,1
pyrazinamide,pncA,p.Thr47Pro,3,6,0,0,0,0.001,0.001,0.001,0,known,1
pyrazinamide,pncA,p.Thr61Pro,1,7,0,1,0,0.001,0.001,0,0,known,1
pyrazinamide,pncA,p.Thr76Ile,2,10,0,1,0,0.001,0.002,0.001,0,known,1
pyrazinamide,pncA,p.Thr76Pro,6,65,0,0.89,0.001,0.008,0.01,0.009,0,known,1
pyrazinamide,pncA,p.Trp119Arg,3,7,0,0.75,0,0.001,0.001,0,0,known,1
pyrazinamide,pncA,p.Trp68*,1,8,0,1,0,0.001,0,0.004,0,known,1
pyrazinamide,pncA,p.Trp68Arg,2,49,0,0.95,0.002,0.007,0.004,0.004,0,known,1
pyrazinamide,pncA,p.Trp68Cys,3,16,0,0.8,0,0.002,0.001,0.001,0.001,known,1
pyrazinamide,pncA,p.Trp68Gly,2,48,0,0.96,0.001,0.003,0.009,0.013,0,known,1
pyrazinamide,pncA,p.Trp68Ser,1,2,0,NA,0,0,0,0.002,0,known,1
pyrazinamide,pncA,p.Tyr103Cys,1,15,0,0.38,0.001,0.002,0.001,0.002,0,known,1
pyrazinamide,pncA,p.Tyr34Ser,1,3,0,0,0,0.001,0,0,0,known,1
pyrazinamide,pncA,p.Tyr41*,1,8,0,1,0,0,0.004,0,0,known,1
pyrazinamide,pncA,p.Val128Gly,1,21,0,0.85,0.001,0.001,0.004,0.005,0,known,1
pyrazinamide,pncA,p.Val139Ala,4,41,0,0.48,0.001,0.005,0.005,0.007,0,known,1
pyrazinamide,pncA,p.Val139Gly,1,21,0,0.73,0,0.003,0.002,0.004,0,known,1
pyrazinamide,pncA,p.Val180Phe,8,9,0,0.67,0,0.001,0.001,0,0,known,1
pyrazinamide,pncA,p.Val45Gly,1,0,0,NA,0,0,0,0,0,known,1
pyrazinamide,pncA,p.Val7Phe,2,2,0,1,0,0,0,0.001,0,known,1
pyrazinamide,pncA,p.Val9Gly,2,3,0,1,0.001,0,0,0,0,known,1
pyrazinamide,pncA,p.Met1Thr,1,NA,NA,NA,NA,NA,NA,NA,NA,known,1
rifampicin,rpoB,c.1296_1297insTTC,2,23,0,1,0.001,0.003,0.004,0,0,known,1
rifampicin,rpoB,c.1306_1308del,3,0,0,NA,0,0,0,0,0,known,1
rifampicin,rpoB,p.Ala286Val,2,33,0,1,0.002,0.005,0.004,0.001,0,known,1
rifampicin,rpoB,p.Asn437Tyr,1,1,0,NA,0,0,0,0,0,known,1
rifampicin,rpoB,p.Asp435Gly,5,96,0,0.97,0.002,0.005,0.004,0.064,0,known,1
rifampicin,rpoB,p.Asp435Phe,2,40,0,0.88,0,0.007,0.004,0.003,0,known,1
rifampicin,rpoB,p.Asp435Tyr,30,256,0,0.74,0.03,0.029,0.019,0.012,0,known,1
rifampicin,rpoB,p.Asp435Val,32,572,0,0.99,0.009,0.071,0.078,0.108,0,known,1
rifampicin,rpoB,p.Gln429His,2,7,0,1,0,0.001,0.001,0,0,known,1
rifampicin,rpoB,p.Gln432His,1,0,0,NA,0,0,0,0,0,known,1
rifampicin,rpoB,p.Gln432Leu,3,18,0,1,0.001,0.001,0.003,0.003,0,known,1
rifampicin,rpoB,p.Gln432Lys,4,23,0,0.94,0.002,0.003,0.001,0,0,known,1
rifampicin,rpoB,p.Gln432Pro,1,31,0,0.94,0.001,0.003,0.002,0.012,0,known,1
rifampicin,rpoB,p.His445Arg,9,93,0,0.95,0.001,0.015,0.009,0.009,0,known,1
rifampicin,rpoB,p.His445Asn,8,91,0,0.52,0.004,0.015,0.007,0.004,0,known,1
rifampicin,rpoB,p.His445Asp,6,303,0,1,0.014,0.046,0.029,0.019,0,known,1
rifampicin,rpoB,p.His445Cys,2,37,0,1,0.001,0.008,0.001,0,0,known,1
rifampicin,rpoB,p.His445Gln,2,18,0,0.93,0.001,0.003,0.002,0,0,known,1
rifampicin,rpoB,p.His445Leu,10,96,0,0.95,0.002,0.015,0.01,0.007,0,known,1
rifampicin,rpoB,p.His445Pro,2,5,0,1,0,0.001,0,0,0,known,1
rifampicin,rpoB,p.His445Tyr,12,415,0,0.99,0.034,0.057,0.03,0.024,0,known,1
rifampicin,rpoB,p.Ile480Val,1,35,0,1,0.002,0.006,0.001,0.001,0,known,1
rifampicin,rpoB,p.Ile491Phe,1,125,0,0.58,0.01,0.016,0.012,0.006,0,known,1
rifampicin,rpoB,p.Leu430Arg,3,16,0,0.93,0,0.002,0.003,0.001,0,known,1
rifampicin,rpoB,p.Leu430Pro,8,144,0,0.71,0.011,0.02,0.01,0.014,0,known,1
rifampicin,rpoB,p.Leu452Pro,13,256,0,0.84,0.008,0.03,0.026,0.062,0,known,1
rifampicin,rpoB,p.Met434Ile,12,17,0,0.78,0.001,0.002,0.002,0,0,known,1
rifampicin,rpoB,p.Ser428Arg,1,8,0,1,0,0.002,0,0,0,known,1
rifampicin,rpoB,p.Ser428Thr,1,2,0,0,0,0,0,0,0,known,1
rifampicin,rpoB,p.Ser441Gln,1,20,0,0.83,0,0.004,0.001,0.001,0,known,1
rifampicin,rpoB,p.Ser441Leu,2,40,0,1,0.001,0.006,0.004,0.002,0,known,1
rifampicin,rpoB,p.Ser450Leu,293,4775,0,0.99,0.071,0.615,0.714,0.698,0,known,1
rifampicin,rpoB,p.Ser450Phe,2,44,0,1,0.001,0.005,0.007,0.005,0,known,1
rifampicin,rpoB,p.Ser450Trp,10,124,0,0.95,0.007,0.016,0.015,0.012,0,known,1
rifampicin,rpoB,p.Ser450Tyr,1,2,0,0.5,0,0,0.001,0,0,known,1
rifampicin,rpoB,p.Ser493Leu,1,7,0,0.8,0.001,0.001,0,0,0,known,1
rifampicin,rpoB,p.Thr400Ala,1,23,0,1,0.001,0.003,0.003,0,0,known,1
rifampicin,rpoB,p.Thr444Ile,1,2,0,NA,0,0,0.001,0,0,known,1
rifampicin,rpoB,p.Val170Phe,2,75,0,0.98,0.005,0.01,0.009,0.001,0,known,1
rifampicin,rpoC,p.Asp747Ala,1,18,0,1,0.001,0.002,0.002,0.003,0,known,1
rifampicin,rpoC,p.Gly332Arg,6,47,0,1,0.001,0.005,0.008,0.006,0,known,1
rifampicin,rpoC,p.Ile491Thr,14,114,0,1,0.001,0.007,0.019,0.045,0,known,1
rifampicin,rpoC,p.Ile885Val,1,15,0,1,0,0.001,0.004,0,0,known,1
rifampicin,rpoC,p.Leu527Val,5,57,0,0.97,0.001,0.007,0.007,0.014,0,known,1
streptomycin,gid,c.102_102del,9,363,0,0.56,0.033,0.017,0.021,0.026,0.064,known,1
streptomycin,gid,c.115_115del,3,192,0,0.55,0.011,0.012,0.006,0.004,0.046,known,1
streptomycin,gid,c.351_351del,4,145,0,0.45,0.016,0.01,0.006,0,0.022,known,1
streptomycin,gid,Chromosome:g.4407713_4407860del,1,0,0,NA,0,0,0,0,0,known,1
streptomycin,gid,p.Ala80Pro,3,68,0,0.73,0.003,0.004,0.008,0.028,0,known,1
streptomycin,gid,p.Leu79Ser,1,267,0,0.84,0.004,0.012,0.034,0.112,0.015,known,1
streptomycin,rpsL,p.Lys43Arg,126,3259,0,0.96,0.154,0.329,0.373,0.414,0.171,known,1
streptomycin,rpsL,p.Lys88Arg,22,716,0,0.93,0.048,0.067,0.082,0.065,0.039,known,1
streptomycin,rpsL,p.Lys88Met,1,32,0,0.88,0.004,0.003,0.002,0.001,0.002,known,1
streptomycin,rpsL,p.Lys88Thr,2,78,0,0.5,0.001,0.016,0.001,0.002,0.003,known,1
amikacin,rrs,c.-92T>G,1,2,0,NA,0,0,0,0,0,novel,0
amikacin,rrs,878g>a,2,66,0,NA,0.001,0.01,0.004,0.012,0.001,novel,0
ciprofloxacin,gyrA,Ala288Asp,1,14,0,NA,0,0.001,0.003,0.003,0.001,novel,0
ciprofloxacin,gyrB,c.-162C>CG,1,60,0.002,NA,0.001,0.001,0.002,0.003,0.003,novel,0
ciprofloxacin,gyrB,Ala432Val,1,1,0,NA,0,0,0,0,0.001,novel,0
ethambutol,embA,c.-16C>A,2,62,0,0.8,0.001,0.008,0.008,0.007,0,novel,0
ethambutol,embA,c.-27TA>T,1,4,0,0.5,0,0.001,0,0,0,novel,0
ethambutol,embA,c.-42CAT>C,1,2,0,1,0,0,0.001,0,0,novel,0
ethambutol,embA,c.-8C>A,1,22,0,0.73,0,0.003,0.004,0.003,0,novel,0
ethambutol,embA,Pro455Gln,1,0,0,NA,0,0,0,0,0,novel,0
ethambutol,embA,Val534Ala,1,0,0,NA,0,0,0,0,0,novel,0
ethambutol,embB,Arg524His,1,1,0,1,0,0,0,0,0,novel,0
ethambutol,embB,Asp328His,1,17,0,0.44,0.001,0.003,0.001,0.001,0,novel,0
ethambutol,embB,Asp328Phe,2,0,0,NA,0,0,0,0,0,novel,0
ethambutol,embB,Leu172Arg,2,63,0.002,0.44,0.003,0.003,0.001,0.003,0.002,novel,0
ethambutol,embB,Phe330Leu,1,0,0,NA,0,0,0,0,0,novel,0
ethambutol,embB,Thr546Ile,1,1,0,1,0,0,0,0,0,novel,0
ethambutol,ubiA,Gly268Asp,1,85,0.003,0,0.003,0.001,0,0,0.001,novel,0
ethambutol,ubiA,Phe238Ile,1,0,0,NA,0,0,0,0,0,novel,0
ethambutol,ubiA,Val188Leu,1,0,0,NA,0,0,0,0,0,novel,0
isoniazid,ahpC,c.-52C>A,1,50,0,1,0.003,0.008,0.003,0.002,0,novel,0
isoniazid,ahpC,c.-72C>T,1,40,0,0.91,0.004,0.004,0.004,0.002,0.001,novel,0
isoniazid,ahpC,c.-76T>A,4,17,0,1,0.002,0.001,0.003,0,0.001,novel,0
isoniazid,ahpC,c.-76T>C,1,0,0,NA,0,0,0,0,0,novel,0
isoniazid,ahpC,c.-76T>G,1,2,0,1,0,0,0,0,0,novel,0
isoniazid,ahpC,c.-93G>A,1,1,0,NA,0,0,0,0,0,novel,0
isoniazid,kasA,Met72Ile,1,2,0,0,0,0,0,0,0,novel,0
isoniazid,kasA,Phe402Ile,1,0,0,NA,0,0,0,0,0,novel,0
isoniazid,katG,587_588insGGT,1,0,0,NA,0,0,0,0,0,novel,0
isoniazid,katG,Ala122Asp,1,2,0,1,0,0,0,0,0.001,novel,0
isoniazid,katG,Ala348Gly,1,1,0,0,0,0,0,0,0,novel,0
isoniazid,katG,Arg484Gly,1,0,0,NA,0,0,0,0,0,novel,0
isoniazid,katG,Asp189Tyr,1,2,0,1,0,0,0,0,0,novel,0
isoniazid,katG,Gln36*,1,0,0,NA,0,0,0,0,0,novel,0
isoniazid,katG,Gly186Asp,1,0,0,NA,0,0,0,0,0,novel,0
isoniazid,katG,Gly299Asp,1,0,0,NA,0,0,0,0,0,novel,0
isoniazid,katG,Ile103Val,1,1,0,NA,0,0,0,0,0,novel,0
isoniazid,katG,Leu298Ser,1,0,0,NA,0,0,0,0,0,novel,0
isoniazid,katG,Met105Ile,1,5,0,1,0,0,0,0,0,novel,0
isoniazid,katG,Phe408Ser,1,1,0,1,0,0,0,0,0,novel,0
isoniazid,katG,Pro100Thr,1,1,0,NA,0,0,0,0,0,novel,0
isoniazid,katG,Thr271Ile,1,2,0,0.5,0.001,0,0,0,0,novel,0
isoniazid,katG,Thr475Ile,1,16,0.001,0.07,0,0,0,0,0.002,novel,0
isoniazid,katG,Thr625Lys,1,1,0,NA,0,0,0,0,0,novel,0
isoniazid,katG,Trp204*,1,1,0,1,0,0,0,0,0,novel,0
isoniazid,katG,Trp438*,1,1,0,NA,0,0,0,0,0,novel,0
isoniazid,katG,Tyr197Asp,1,0,0,NA,0,0,0,0,0,novel,0
kanamycin,eis,Leu386Ile,1,2,0,NA,0,0,0,0,0,novel,0
kanamycin,rrs,c.-92T>G,1,2,0,NA,0,0,0,0,0,novel,0
pyrazinamide,pncA,c.-7T>G,1,2,0,NA,0,0,0.001,0,0,novel,0
pyrazinamide,pncA,392_393insGGT,1,0,0,NA,0,0,0,0,0,novel,0
pyrazinamide,pncA,451_462del,1,0,0,NA,0,0,0,0,0,novel,0
pyrazinamide,pncA,511_512insTCGCCG,1,0,0,NA,0,0,0,0,0,novel,0
pyrazinamide,pncA,Leu120Arg,4,6,0,0,0,0.001,0.001,0,0,novel,0
pyrazinamide,pncA,Pro62Thr,1,3,0,1,0,0,0,0,0,novel,0
pyrazinamide,pncA,Pro69Thr,1,1,0,NA,0,0,0,0,0,novel,0
pyrazinamide,pncA,Ser18*,1,0,0,NA,0,0,0,0,0,novel,0
pyrazinamide,pncA,Val130Met,1,4,0,0,0,0.001,0,0,0,novel,0
pyrazinamide,pncA,Val180Ala,1,7,0,1,0,0,0.001,0.003,0,novel,0
pyrazinamide,rpsA,c.-98A>T,1,0,0,NA,0,0,0,0,0,novel,0
pyrazinamide,rpsA,Gln410Arg,2,0,0,NA,0,0,0,0,0,novel,0
rifampicin,rpoB,1291_1292insGCC,1,0,0,NA,0,0,0,0,0,novel,0
rifampicin,rpoB,1294_1296del,1,1,0,1,0,0,0,0,0,novel,0
rifampicin,rpoB,1309_1311del,1,7,0,1,0.002,0,0,0,0.001,novel,0
streptomycin,gid,Ala119Asp,1,15,0,1,0.001,0.002,0.001,0,0,novel,0
streptomycin,gid,Ala82Pro,1,3,0,NA,0,0,0,0,0,novel,0
streptomycin,gid,Asp67Gly,1,38,0,0.57,0,0.007,0.002,0.002,0.001,novel,0
streptomycin,gid,Gly71*,2,4,0,0.75,0,0,0.001,0.001,0,novel,0